Date|Time|Lat|Lng|Weather|Nautical_Twilight
1/2/19|1:31:32 PM|35.79139951|-78.84721909|CLEAR|DAYLIGHT
1/3/19|7:42:27 AM|35.66910488|-78.94941506|RAIN|DAYLIGHT
1/17/19|11:08 AM|35.79011263|-78.87281082|CLEAR|DAYLIGHT
1/17/19|12:55 AM|35.75498809|-78.80849664|CLEAR|DARK - LIGHTED ROADWAY
1/23/19|8:56:18 AM|35.80689066|-78.90976411|CLEAR|DAYLIGHT
1/25/19|2:41:10 PM|35.76635376|-78.73572499|CLEAR|DAYLIGHT
1/29/19|11:25 AM|35.82896533|-78.89481925|CLEAR|DAYLIGHT
1/30/19|10:13 AM|35.74232698|-78.81424996|CLEAR|DAYLIGHT
2/14/19|11:16 AM|35.77603007|-78.83381216|CLEAR|DAYLIGHT
2/18/19|9:27:03 AM|35.75956508|-78.74137444|CLOUDY|DAYLIGHT
2/20/19|7:01:35 AM|35.77315445|-78.61056528|RAIN|DAYLIGHT
2/20/19|7:21:19 AM|35.81369544|-78.87132089|RAIN|DAYLIGHT
2/21/19|10:56 AM|35.78986305|-78.87060937|RAIN|DAYLIGHT
2/27/19|5:14:25 PM|35.75956508|-78.74137444|CLEAR|DAYLIGHT
3/2/19|1:12:01 PM|35.82749938|-78.88339317|CLEAR|DAYLIGHT
10/25/19|10:58 PM|35.82939659|-78.77266668|CLEAR|DARK - LIGHTED ROADWAY
11/9/19|10:24 PM|35.75675155|-78.76982596|CLEAR|DARK - ROADWAY NOT LIGHTED
11/11/19|6:49:00 PM|35.77517460000001|-78.78420049|CLEAR|DARK - LIGHTED ROADWAY
11/14/19|5:43:53 PM|35.82063744|-78.77854164|CLEAR|DARK - LIGHTED ROADWAY
11/18/19|12:20 PM|35.79295009|-78.87057115|CLOUDY|DAYLIGHT
11/22/19|6:20:59 PM|35.75954137|-78.74137283|CLEAR|DARK - LIGHTED ROADWAY
11/26/19|6:37:39 PM|35.88556964|-78.99451589|CLEAR|DARK - LIGHTED ROADWAY
11/26/19|9:08:44 PM|35.79184763|-79.08235570000001|CLEAR|DARK - LIGHTED ROADWAY
11/27/19|2:49:56 PM|35.833342|-78.91239393|CLOUDY|DAYLIGHT
12/3/19|12:57 PM|35.78487334|-78.86116107|CLEAR|DAYLIGHT
12/3/19|7:14:03 PM|35.71858349|-78.77327389|CLEAR|DAYLIGHT
12/6/19|5:58:32 PM|35.71778771|-78.76598334|RAIN|DARK - LIGHTED ROADWAY
12/9/19|10:48 PM|35.78307574|-78.78335968|CLEAR|DAYLIGHT
12/10/19|5:45:30 PM|35.76635379|-78.73572499|RAIN|DARK - ROADWAY NOT LIGHTED
12/10/19|2:50:25 PM|35.73957007|-78.80504957|CLEAR|DAYLIGHT
12/15/19|8:28:25 AM|35.76734182|-78.7466563|CLEAR|DAYLIGHT
12/15/19|4:33:55 PM|35.75776395|-78.73637239|CLEAR|DAYLIGHT
12/16/19|7:03:47 AM|35.73890325|-78.75484878|CLEAR|DAWN
12/16/19|9:59:55 AM|35.74994071|-78.74523294|CLEAR|DAYLIGHT
12/16/19|10:34 AM|35.77846832|-78.87242540000001|CLEAR|DAYLIGHT
12/19/19|11:12 AM|35.75517218|-78.73756005|CLEAR|DAYLIGHT
12/20/19|3:36:34 PM|35.83476967|-78.87211391|CLEAR|DAYLIGHT
12/18/19|11:40 AM|35.7940721|-78.76766824|CLEAR|DAYLIGHT
12/21/19|8:20:16 PM|35.7404559|-78.7760054|CLEAR|DARK - LIGHTED ROADWAY
12/26/19|5:43:38 PM|35.80699009|-78.76536642|CLEAR|DARK - ROADWAY NOT LIGHTED
12/20/19|10:58 PM|35.72687622|-78.76781943|CLEAR|DARK - ROADWAY NOT LIGHTED
12/27/19|4:29:31 PM|35.75956508|-78.74137444|CLOUDY|DAYLIGHT
7/31/19|5:25:35 PM|35.788168799999994|-78.8462128|CLEAR|DAYLIGHT
8/1/19|4:11:32 PM|35.766273999999996|-78.74998293|CLEAR|DAYLIGHT
8/1/19|6:40:20 PM|35.65487545|-78.92573175|CLOUDY|DAYLIGHT
8/2/19|2:34:27 PM|35.8314855|-78.91445763|CLOUDY|DAYLIGHT
8/3/19|10:15 PM|35.80761998|-78.85827046|CLEAR|DARK - LIGHTED ROADWAY
8/8/19|10:07 AM|35.76270193|-78.82857357|CLEAR|DAYLIGHT
8/9/19|4:40:54 PM|35.75776395|-78.73637239|CLEAR|DAYLIGHT
8/10/19|4:54:27 PM|35.78505195|-78.84548663|CLEAR|DARK - ROADWAY NOT LIGHTED
8/25/19|7:47:14 PM|35.76126621|-78.74187459999999|CLEAR|DAYLIGHT
8/25/19|11:18 PM|35.84942777|-78.8915929|CLEAR|DARK - LIGHTED ROADWAY
8/27/19|1:07:47 PM|35.74210116|-78.88001951|CLEAR|DAYLIGHT
8/28/19|5:33:08 PM|35.82939659|-78.77266668|RAIN|DAYLIGHT
8/29/19|5:39:29 PM|35.79143799|-78.78113751|CLEAR|DAYLIGHT
9/5/19|9:49:31 AM|35.60195368|-78.79930456|CLOUDY|DAYLIGHT
9/7/19|2:30:37 PM|35.76126621|-78.74187459999999|CLEAR|DAYLIGHT
9/8/19|11:56 PM|35.73720886|-78.79086044|CLEAR|DARK - ROADWAY NOT LIGHTED
9/9/19|10:44 AM|35.75517215|-78.73756008|CLOUDY|DAYLIGHT
9/14/19|7:40:34 AM|35.77846832|-78.87242540000001|CLEAR|DAYLIGHT
9/13/19|5:00:16 PM|35.76033452|-78.77541443|CLOUDY|DAYLIGHT
9/13/19|4:03:21 PM|35.74994071|-78.74523294|CLEAR|DAYLIGHT
9/14/19|7:57:31 PM|35.82095833|-78.79097478|CLEAR|DAYLIGHT
9/16/19|1:41:48 AM|35.84238542|-78.67028897|CLEAR|DAYLIGHT
9/16/19|6:18:03 PM|35.59574902|-78.78834502|CLEAR|DAYLIGHT
9/18/19|9:17:28 PM|35.72274829999999|-78.82072268|CLEAR|DARK - ROADWAY NOT LIGHTED
9/20/19|6:22:34 PM|35.81858626|-78.88217569|CLEAR|DAYLIGHT
9/22/19|11:35 AM|35.64492557|-78.64929506|CLEAR|DAYLIGHT
9/23/19|1:34:51 PM|35.78016158|-78.86861002|CLEAR|DAYLIGHT
9/20/19|2:50:04 PM|35.73694325|-78.79379275|CLEAR|DAYLIGHT
9/25/19|9:11:53 AM|35.83084667|-78.77640645|CLEAR|DAYLIGHT
9/25/19|5:26:38 PM|35.78723776|-78.87382394|CLEAR|DAYLIGHT
9/28/19|3:02:14 PM|35.78375177|-78.85612787|CLEAR|DAYLIGHT
10/1/19|3:14:27 PM|35.75954137|-78.74137283|CLEAR|DAYLIGHT
9/30/19|9:08:21 AM|35.77881959|-78.81183735|CLEAR|DAYLIGHT
10/4/19|1:11:35 AM|35.8248183|-78.83781892|CLEAR|DAYLIGHT
10/8/19|7:38:11 PM|35.76734182|-78.7466563|CLEAR|DARK - UNKNOWN LIGHTING
10/14/19|7:00:48 AM|35.73720889|-78.7908604|CLOUDY|DARK - ROADWAY NOT LIGHTED
10/12/19|5:39:41 PM|35.75956508|-78.74137444|CLEAR|DAYLIGHT
10/14/19|4:08:57 PM|35.73601443|-78.78461828|CLEAR|DAYLIGHT
10/12/19|3:56:19 PM|35.79357926|-78.78320131|CLEAR|DAYLIGHT
10/15/19|2:29:39 PM|35.8694819|-78.59650388|CLEAR|DAYLIGHT
10/16/19|2:38:17 PM|35.74100846|-78.81734105|CLOUDY|DAYLIGHT
10/16/19|1:06:25 PM|35.78508307|-78.78119645|RAIN|DAYLIGHT
10/9/19|8:31:42 AM|35.725851|-78.79075036|CLEAR|DAYLIGHT
10/17/19|11:21 PM|35.78460366|-78.78119478|CLEAR|DAYLIGHT
10/19/19|9:27:47 AM|35.77872316|-78.78932949|CLOUDY|DAYLIGHT
10/17/19|3:06:52 PM|35.75799961|-78.78038067|CLEAR|DAYLIGHT
10/19/19|11:11 AM|35.75030276|-78.77611798|CLEAR|DAYLIGHT
10/23/19|3:04:32 PM|35.73894832|-78.79830394|CLEAR|DAYLIGHT
10/21/19|1:13:44 AM|35.79406892|-78.79827102|CLEAR|DAYLIGHT
10/30/19|9:03:40 PM|35.73720889|-78.7908604|CLOUDY|DARK - LIGHTED ROADWAY
11/4/19|4:32:05 PM|35.78894668|-78.85010493|CLOUDY|DAYLIGHT
1/7/19|2:26:45 PM|35.60195368|-78.79930456|CLEAR|DAYLIGHT
1/3/19|8:33:32 AM|35.8130951|-78.86200092|CLOUDY|DAYLIGHT
1/10/19|1:24:12 PM|35.73671729|-78.77861754|CLEAR|DAYLIGHT
1/12/19|10:52 PM|35.78726166|-78.77254864|RAIN|DARK - LIGHTED ROADWAY
1/12/19|2:37:27 PM|35.78499781|-78.76914751|CLEAR|DAYLIGHT
1/14/19|10:05 PM|35.82150856|-78.85343423|CLEAR|DARK - LIGHTED ROADWAY
1/15/19|5:15:46 PM|35.94550462|-78.56081774|CLEAR|DAYLIGHT
1/15/19|4:20:26 PM|35.72290938|-78.78001558|CLEAR|DAYLIGHT
1/17/19|8:04:19 PM|35.79069481|-78.84885452|CLEAR|DARK - LIGHTED ROADWAY
1/21/19|12:47 PM|35.76054733|-78.74263277|CLEAR|DAYLIGHT
1/4/19|1:53:42 PM|35.80809589|-78.87058866|RAIN|DAYLIGHT
1/26/19|10:59 AM|35.74052407|-78.74272677|CLEAR|DAYLIGHT
1/26/19|5:06:29 PM|35.85119273|-78.89415721|CLEAR|DAYLIGHT
1/18/19|2:13:49 PM|35.80809589|-78.87058866|CLOUDY|DAYLIGHT
1/29/19|9:05:58 AM|35.83051075|-78.84736064|CLEAR|DAYLIGHT
2/6/19|6:15:01 PM|35.81369569|-78.87268266|CLEAR|DARK - LIGHTED ROADWAY
2/7/19|7:24:00 PM|35.7615699|-78.78180144|CLEAR|DUSK
2/7/19|9:02:07 AM|35.75398952|-78.75404558|CLOUDY|DAYLIGHT
2/2/19|11:31 AM|35.78692295|-78.7626821|CLEAR|DARK - LIGHTED ROADWAY
2/8/19|4:03:34 PM|35.74151493|-78.80966374|CLEAR|DAYLIGHT
2/16/19|3:11:59 AM|35.74042606|-78.75514028|CLEAR|DARK - LIGHTED ROADWAY
2/16/19|2:51:21 PM|35.81348017|-78.9137983|RAIN|DAYLIGHT
2/20/19|2:47:34 PM|35.73924226|-78.78936655|RAIN|DAYLIGHT
2/23/19|6:16:49 PM|35.76400804|-78.74877098|RAIN|DARK - LIGHTED ROADWAY
2/21/19|6:49:37 PM|35.78307574|-78.78335968|CLEAR|DARK - LIGHTED ROADWAY
3/1/19|6:49:08 PM|35.826357200000004|-78.80601508|RAIN|DARK - LIGHTED ROADWAY
3/5/19|10:49 PM|35.76202152|-78.82180490000002|CLEAR|DARK - LIGHTED ROADWAY
3/11/19|10:22 AM|35.78687306|-78.76907556|CLEAR|DAYLIGHT
3/13/19|5:47:50 PM|35.737154100000005|-78.79085468|CLEAR|DAYLIGHT
3/13/19|3:28:07 PM|35.74149511|-78.8097236|CLEAR|DAYLIGHT
7/5/19|6:18:35 AM|35.8620066|-78.89547231|CLEAR|DAYLIGHT
7/11/19|10:57 AM|35.84338249|-78.89616913|CLEAR|DAYLIGHT
7/12/19|9:28:45 AM|35.82095304|-78.91044794|CLEAR|DAYLIGHT
7/12/19|3:07:39 PM|35.60195368|-78.79930456|CLEAR|DAYLIGHT
7/12/19|4:09:19 PM|35.77846832|-78.87242540000001|CLEAR|DAYLIGHT
7/15/19|4:54:14 PM|35.780159000000005|-78.86499367|RAIN|DAYLIGHT
7/19/19|6:27:47 PM|35.77786879999999|-78.77966806|CLEAR|DAYLIGHT
7/20/19|5:35:43 PM|35.5949557|-78.78697638|CLEAR|DAYLIGHT
7/24/19|6:22:22 PM|35.76635376|-78.73572499|CLEAR|DAYLIGHT
7/29/19|3:00:12 PM|35.83228014|-78.88412004|CLEAR|DAYLIGHT
7/30/19|4:54:47 PM|35.80304904|-78.77470728|CLEAR|DAYLIGHT
1/3/19|2:19:40 PM|35.78233673|-78.84821312|CLOUDY|DAYLIGHT
1/3/19|3:03:39 PM|35.78684386|-78.7704256|CLOUDY|DAYLIGHT
1/4/19|3:23:30 PM|35.82610979|-78.86079424|RAIN|DAYLIGHT
1/4/19|4:02:15 PM|35.60195368|-78.79930456|RAIN|DAYLIGHT
1/4/19|12:25 PM|35.78369054|-78.86139113|RAIN|DAYLIGHT
1/6/19|2:20:14 PM|35.792096|-78.78600151|CLEAR|DAYLIGHT
1/7/19|5:56:39 PM|35.80195476|-78.87129148|CLEAR|DUSK
1/7/19|3:08:55 PM|35.91131647|-78.48064892|CLEAR|DAYLIGHT
1/9/19|8:26:30 AM|35.78581659|-78.93329061|CLEAR|DAYLIGHT
1/8/19|5:01:44 PM|35.78801581|-78.7951162|CLEAR|DAYLIGHT
1/10/19|2:03:07 PM|35.83426874|-78.9062308|CLEAR|DAYLIGHT
1/14/19|2:34:34 PM|35.80253297|-78.89700313|CLOUDY|DAYLIGHT
1/24/19|12:04 PM|35.73203438|-78.78973236|CLEAR|DAYLIGHT
1/25/19|4:14:40 PM|35.86521075|-78.51824064|CLEAR|DAYLIGHT
1/26/19|2:08:03 PM|35.82233617|-78.90225156|CLEAR|DAYLIGHT
1/27/19|3:53:17 PM|35.76486493|-78.87499565|CLEAR|DAYLIGHT
1/30/19|7:01:57 PM|35.76635379|-78.73572499|CLEAR|DARK - LIGHTED ROADWAY
2/2/19|11:47 AM|35.75761598|-78.73308361|CLEAR|DAYLIGHT
2/3/19|2:41:29 PM|35.82411728|-78.82361359|CLEAR|DAYLIGHT
2/7/19|3:33:02 PM|35.82203952|-78.76690479|CLEAR|DAYLIGHT
2/7/19|6:14:35 PM|35.65487545|-78.92573175|CLEAR|DUSK
2/14/19|5:36:21 PM|35.82917636|-78.88422148|CLOUDY|DUSK
2/14/19|7:42:30 AM|35.78230304|-78.84818662|CLEAR|DAYLIGHT
2/15/19|5:10:28 PM|35.73789038|-78.77946603|CLOUDY|DUSK
2/16/19|10:06 AM|35.73069493|-78.54396263|RAIN|DAYLIGHT
2/19/19|12:52 AM|35.82914574|-78.88418316|RAIN|DARK - LIGHTED ROADWAY
2/24/19|3:17:44 PM|35.79554014|-78.84993551|CLOUDY|DARK - LIGHTED ROADWAY
2/26/19|8:33:48 AM|35.84027597|-78.9048991|CLEAR|DAYLIGHT
3/13/19|5:32:22 PM|35.83301266|-78.880246|CLEAR|DAYLIGHT
3/15/19|2:05:26 PM|35.79149089|-78.85266924|CLEAR|DAYLIGHT
3/22/19|12:17 PM|35.75490826|-78.73025042|CLEAR|DAYLIGHT
3/22/19|12:52 PM|35.55389225|-78.71919949|CLEAR|DAYLIGHT
3/27/19|8:47:54 AM|35.83142761|-78.78012640000001|CLEAR|DAYLIGHT
7/14/19|11:15 PM|35.84985132|-78.79455874|CLEAR|DARK - ROADWAY NOT LIGHTED
7/22/19|1:27:19 PM|35.77081794|-78.83360121|CLEAR|DAYLIGHT
7/27/19|10:02 PM|35.81355091|-78.91830735|CLEAR|DAYLIGHT
7/29/19|1:01:10 PM|35.7367539|-78.7786444|CLEAR|DAYLIGHT
7/26/19|2:01:14 PM|35.7850915|-78.77862844|CLEAR|DAYLIGHT
7/30/19|8:34:04 AM|35.80858403|-78.91336551|CLEAR|DAYLIGHT
10/12/19|9:51:28 AM|35.82594054|-78.77038373|CLEAR|DAYLIGHT
10/11/19|1:13:40 PM|35.84259019|-78.88795381|CLEAR|DAYLIGHT
10/14/19|11:45 AM|35.79262483|-78.86265883|CLEAR|DAYLIGHT
10/18/19|1:02:48 AM|35.84568125|-78.80123889|CLEAR|DARK - LIGHTED ROADWAY
10/21/19|7:42:12 AM|35.73484478|-78.79776199|CLEAR|DAWN
10/24/19|7:53:40 AM|35.78673574|-78.76249387|CLEAR|DAYLIGHT
3/1/19|5:35:34 PM|35.82970814|-78.7685142|RAIN|DUSK
3/12/19|1:27:07 PM|35.73641568|-78.82110438|CLEAR|DAYLIGHT
3/15/19|8:41:09 AM|35.86082452|-78.89378055|RAIN|DAYLIGHT
3/16/19|3:32:04 PM|35.78117535|-78.78041383|CLEAR|DAYLIGHT
3/19/19|4:51:39 PM|35.88916238|-78.89578575|CLEAR|DAYLIGHT
3/20/19|9:57:43 AM|35.76575157|-78.76098841|CLOUDY|DAYLIGHT
3/20/19|5:08:43 PM|35.74511963|-78.76378031|CLEAR|DAYLIGHT
3/21/19|10:10 AM|35.74210116|-78.88001951|RAIN|DAYLIGHT
3/29/19|12:45 PM|35.60195368|-78.79930456|CLEAR|DAYLIGHT
3/28/19|8:44:24 PM|35.89295112|-78.91885164|CLEAR|DARK - ROADWAY NOT LIGHTED
3/28/19|4:31:32 PM|35.82890508|-78.79083997|CLEAR|DAYLIGHT
4/4/19|12:34 PM|35.75068704|-78.73363307|CLEAR|DAYLIGHT
1/7/19|9:34:55 PM|35.75141976|-78.74909401|CLEAR|DARK - LIGHTED ROADWAY
1/10/19|1:17:50 PM|35.73789038|-78.77946603|CLEAR|DAYLIGHT
1/8/19|3:40:28 AM|35.7902276|-78.77203916|CLEAR|DARK - LIGHTED ROADWAY
1/14/19|2:18:38 PM|35.87107377|-78.64511625|CLEAR|DAYLIGHT
1/15/19|4:52:15 PM|35.76156993|-78.78180144|CLEAR|DAYLIGHT
1/17/19|5:40:48 PM|35.88916238|-78.89578575|CLOUDY|DUSK
1/22/19|1:18:10 PM|35.73671729|-78.77861754|CLEAR|DAYLIGHT
1/23/19|8:08:43 AM|35.58383268|-78.67123514|CLOUDY|DAYLIGHT
1/24/19|8:07:24 AM|35.79139951|-78.84721909|RAIN|DAYLIGHT
4/10/19|3:10:49 PM|35.80024042|-78.74548084|CLEAR|DARK - UNKNOWN LIGHTING
4/16/19|6:26:42 PM|35.77493517|-78.86421564|CLEAR|DAYLIGHT
4/18/19|12:59 PM|35.8061737|-78.80799177|CLEAR|DAYLIGHT
4/23/19|5:33:21 PM|35.73789038|-78.77946603|CLEAR|DAYLIGHT
4/24/19|12:45 PM|35.60195368|-78.79930456|CLEAR|DAYLIGHT
4/23/19|2:18:34 PM|35.73547569|-78.88858816|CLEAR|DAYLIGHT
4/23/19|6:35:41 PM|35.79890362|-78.90030920000001|CLEAR|DAYLIGHT
4/23/19|1:38:25 PM|35.78996957|-78.77381773|CLEAR|DAYLIGHT
4/25/19|12:34 PM|35.81703098|-78.86526266|CLEAR|DAYLIGHT
4/27/19|1:38:18 AM|35.77766639|-78.81361001|CLEAR|DAYLIGHT
4/29/19|3:06:47 AM|35.78735488|-78.77044017|CLEAR|DARK - LIGHTED ROADWAY
4/30/19|5:26:38 PM|35.72256873|-78.82042788|CLEAR|DAYLIGHT
5/1/19|11:18 AM|35.77679342|-78.79388668|CLEAR|DAYLIGHT
5/1/19|6:35:38 AM|35.74762093|-78.7518794|CLEAR|DAYLIGHT
5/7/19|7:49:54 PM|35.60195368|-78.79930456|CLEAR|DAYLIGHT
5/11/19|2:06:29 PM|35.82367022|-78.83724226|CLEAR|DAYLIGHT
5/15/19|2:53:13 PM|35.75015236|-78.75261225|CLEAR|DAYLIGHT
1/31/19|3:49:40 PM|35.78774169|-78.8708349|CLEAR|DAYLIGHT
2/3/19|6:09:04 PM|35.77371711|-78.84604471|CLEAR|DAYLIGHT
1/25/19|1:32:58 PM|35.80809591|-78.87058863|CLEAR|DAYLIGHT
2/5/19|7:12:13 PM|35.76963264|-78.87408569|CLEAR|DARK - ROADWAY NOT LIGHTED
2/8/19|3:20:19 PM|35.76654465|-78.76447453|CLEAR|DAYLIGHT
2/9/19|11:01 AM|35.77846832|-78.87242540000001|CLEAR|DAYLIGHT
2/10/19|11:20 PM|35.73215576|-78.80879452|CLEAR|DARK - LIGHTED ROADWAY
2/13/19|2:21:02 PM|35.75954137|-78.74137283|CLEAR|DAYLIGHT
2/17/19|12:11 PM|35.76439558|-78.81067341|RAIN|DAYLIGHT
2/15/19|1:59:36 AM|35.60195368|-78.79930456|CLOUDY|DARK - LIGHTED ROADWAY
2/22/19|4:13:49 PM|35.7908493|-78.85089213|RAIN|DAYLIGHT
2/24/19|10:18 PM|35.77311021|-78.87341952|RAIN|DARK - ROADWAY NOT LIGHTED
2/26/19|10:15 AM|35.78803174|-78.86656781|CLEAR|DAYLIGHT
2/22/19|8:03:49 PM|35.7632103|-78.74513216|SLEET, HAIL, FREEZING RAIN/DRIZZLE|DARK - LIGHTED ROADWAY
2/28/19|11:15 AM|35.7632103|-78.74513216|CLEAR|DAYLIGHT
3/1/19|7:16:19 AM|35.76834781|-78.87432915|RAIN|DAYLIGHT
3/1/19|8:27:17 AM|35.78774169|-78.8708349|CLOUDY|DAYLIGHT
5/17/19|8:20:58 AM|35.81369569|-78.87268266|CLOUDY|DAYLIGHT
5/18/19|4:47:12 PM|35.83142761|-78.78012636|CLEAR|DAYLIGHT
5/20/19|6:38:27 PM|35.79516885|-78.74809037|CLEAR|DAYLIGHT
5/21/19|4:21:48 PM|35.79967858|-78.79489821|CLEAR|DAYLIGHT
5/22/19|9:49:13 AM|35.82914574|-78.88418316|CLOUDY|DAYLIGHT
5/25/19|9:12:19 PM|35.73732785|-78.75777721|CLEAR|DAYLIGHT
5/26/19|3:03:44 PM|35.77296461|-78.86037199|CLEAR|DAYLIGHT
5/29/19|7:43:22 AM|35.79447744|-78.79146641|CLEAR|DARK - UNKNOWN LIGHTING
5/28/19|6:25:40 PM|35.94463947|-78.5620243|CLEAR|DAYLIGHT
5/31/19|9:05:13 AM|35.66910488|-78.94941506|CLEAR|DAYLIGHT
5/30/19|7:56:08 AM|35.73627397|-78.78770167|CLEAR|DAYLIGHT
6/1/19|10:02 AM|35.74210116|-78.88001951|CLEAR|DAYLIGHT
6/5/19|7:44:51 AM|35.78345866|-78.8724559|CLOUDY|DAYLIGHT
6/5/19|2:16:36 PM|35.66910488|-78.94941509|CLOUDY|DAYLIGHT
6/7/19|3:18:48 PM|35.81806585|-78.82251578|RAIN|DAYLIGHT
6/6/19|8:16:43 PM|35.80343121|-78.91149466|CLEAR|DAYLIGHT
6/12/19|6:48:57 PM|35.76936742|-78.78185835|RAIN|DAYLIGHT
6/14/19|8:50:08 AM|35.74210116|-78.88001951|CLEAR|DAYLIGHT
6/14/19|9:08:27 AM|35.81129722|-78.79728915|CLEAR|DAYLIGHT
6/15/19|7:58:49 AM|35.78811705|-78.84793334|CLEAR|DAYLIGHT
6/21/19|2:51:26 PM|35.7884119|-78.79643487|CLEAR|DAYLIGHT
6/21/19|5:00:06 PM|35.77605245|-78.78963356|CLEAR|DAYLIGHT
6/17/19|1:02:34 AM|35.78743049|-78.77977267|CLEAR|DAYLIGHT
6/29/19|8:14:26 AM|35.7902276|-78.77203916|CLEAR|DARK - LIGHTED ROADWAY
6/29/19|9:34:30 AM|35.78202409|-78.90371883|CLEAR|DAYLIGHT
6/28/19|9:19:07 PM|35.77822661|-78.82988205|CLEAR|UNKNOWN
7/1/19|6:54:06 PM|35.74045593|-78.77600537|CLEAR|DAYLIGHT
7/3/19|10:17 AM|35.79212544|-78.8448573|CLEAR|DAYLIGHT
7/4/19|11:30 AM|35.77507282|-78.81398682|CLEAR|DAYLIGHT
7/10/19|3:35:24 PM|35.83669194|-78.90772597|CLEAR|DAYLIGHT
7/11/19|9:20:24 AM|35.82206071|-78.85523454|CLEAR|DAYLIGHT
7/18/19|8:17:08 PM|35.79889312|-78.90026413|CLEAR|DAYLIGHT
6/25/19|3:59:51 PM|35.78904939|-78.85282374|CLEAR|DAYLIGHT
6/24/19|1:49:50 PM|35.68698486|-78.78664211|CLEAR|DAYLIGHT
7/3/19|6:44:02 PM|35.79597331|-78.91960399|CLEAR|DAYLIGHT
7/7/19|12:43 PM|35.77179543|-78.84761935|CLEAR|DAYLIGHT
7/13/19|2:03:27 PM|35.85116102|-78.89248437|CLEAR|DAYLIGHT
7/12/19|10:21 PM|35.79885142|-78.76707111|CLEAR|DARK - ROADWAY NOT LIGHTED
7/18/19|3:09:46 PM|35.59574902|-78.78834502|CLEAR|DAYLIGHT
7/20/19|9:40:34 AM|35.77974494|-78.80702664|CLEAR|DAYLIGHT
7/20/19|12:16 PM|35.69115475|-78.83799018|CLEAR|DAYLIGHT
7/25/19|8:10:52 PM|35.78940107|-78.85715932|CLEAR|DUSK
3/6/19|4:42:43 PM|35.79175649|-78.81263716|CLEAR|DAYLIGHT
3/7/19|9:42:33 AM|35.87255871|-78.81609053|CLEAR|DAYLIGHT
3/8/19|10:48 AM|35.81880834|-78.90247508|CLOUDY|DAYLIGHT
3/9/19|12:41 AM|35.76592865|-78.84337971|RAIN|DARK - ROADWAY NOT LIGHTED
3/9/19|12:46 AM|35.779856200000005|-78.80285377|CLEAR|DARK - LIGHTED ROADWAY
3/10/19|7:46:04 AM|35.62067786|-78.73056383|RAIN|DARK - LIGHTED ROADWAY
3/11/19|8:45:05 AM|35.79623298|-78.87188313|CLEAR|DAYLIGHT
3/8/19|4:48:34 PM|35.85867135|-78.81061581|CLOUDY|DAYLIGHT
3/19/19|3:42:56 PM|35.89130863|-78.80343717|CLEAR|DAYLIGHT
3/20/19|1:53:09 PM|35.87663128|-78.87608051|CLOUDY|DAYLIGHT
3/20/19|7:23:45 PM|35.83932477|-78.90169453|CLOUDY|DUSK
3/19/19|3:19:07 PM|35.85116104|-78.89248437|CLEAR|DAYLIGHT
3/22/19|10:01 AM|35.83262624|-78.87502497|CLEAR|DAYLIGHT
3/22/19|12:54 AM|35.75839863|-78.79513221|CLEAR|DARK - ROADWAY NOT LIGHTED
3/22/19|2:27:35 PM|35.82059377|-78.77624294|CLEAR|DAYLIGHT
3/21/19|8:10:27 AM|35.7744957|-78.76688293|RAIN|DARK - LIGHTED ROADWAY
3/27/19|7:29:32 PM|35.77537357|-78.76721079|CLEAR|DARK - LIGHTED ROADWAY
3/25/19|5:52:44 PM|35.78425574|-78.79275882|CLOUDY|DAYLIGHT
3/28/19|8:53:25 PM|35.76635379|-78.73572499|CLEAR|DARK - LIGHTED ROADWAY
4/2/19|3:55:26 PM|35.79467098|-78.57601469|RAIN|DAYLIGHT
4/4/19|9:20:11 PM|35.741518299999996|-78.80973072|CLEAR|DAYLIGHT
4/5/19|1:36:39 PM|35.7367539|-78.7786444|RAIN|DAYLIGHT
3/19/19|9:15:39 PM|35.76635376|-78.73572499|CLEAR|DAYLIGHT
4/5/19|6:26:30 PM|35.73924226|-78.78936655|RAIN|DAYLIGHT
4/11/19|2:38:49 PM|35.85904634|-78.81712359|CLEAR|DAYLIGHT
4/12/19|1:47:57 PM|36.00341055|-78.51451363|RAIN|DAYLIGHT
4/19/19|8:33:41 PM|35.7632103|-78.74513216|CLOUDY|DUSK
4/22/19|3:21:18 PM|35.74001409|-78.84656796|CLEAR|DAYLIGHT
4/24/19|5:44:32 PM|35.71921234|-79.18107651|CLEAR|DAYLIGHT
4/25/19|7:04:07 AM|35.82407067|-78.90258592|CLEAR|DAYLIGHT
4/24/19|4:24:28 PM|35.79542541|-78.7746691|CLEAR|DAYLIGHT
4/25/19|6:03:02 PM|35.79509317|-78.81608628|CLEAR|DAYLIGHT
4/27/19|3:29:42 PM|35.76126621|-78.74187459999999|CLEAR|DAYLIGHT
5/1/19|3:41:38 PM|35.59574902|-78.78834502|CLEAR|DAYLIGHT
5/1/19|2:43:07 PM|35.80060734|-78.76612055|CLEAR|DAYLIGHT
4/30/19|4:09:10 PM|35.737154100000005|-78.79085468|CLEAR|DAYLIGHT
5/10/19|12:00 PM|35.79395181|-78.84740098|CLEAR|DAYLIGHT
5/10/19|9:08:47 AM|35.771527|-78.82771629999999|CLEAR|DAYLIGHT
5/7/19|9:04:04 AM|35.82885558|-78.89361758|CLEAR|DAYLIGHT
5/16/19|3:58:40 PM|35.84514771|-78.90318812|CLEAR|DAYLIGHT
5/21/19|12:31 PM|35.77240236|-78.75282274|CLEAR|DAYLIGHT
5/22/19|1:21:30 PM|35.74222888|-78.78065811|CLOUDY|DAYLIGHT
5/24/19|10:25 AM|35.75007796|-78.74608602|CLEAR|DAYLIGHT
6/6/19|2:44:46 PM|35.74042608|-78.77602991|CLEAR|DAYLIGHT
6/5/19|8:41:05 AM|35.77749511|-78.86715286|CLEAR|DAYLIGHT
6/6/19|10:38 AM|35.86082452|-78.89378055|OTHER *|DAYLIGHT
6/12/19|1:00:03 AM|35.77311021|-78.87341952|CLEAR|DARK - LIGHTED ROADWAY
6/11/19|3:01:57 PM|35.76487943|-78.78344969|CLEAR|DAYLIGHT
6/22/19|3:36:30 PM|35.71658779|-78.79913745|CLEAR|DAYLIGHT
6/23/19|7:31:17 PM|35.73894832|-78.79830394|CLEAR|DAYLIGHT
6/27/19|5:46:55 PM|35.78970692|-78.76124301|CLEAR|DAYLIGHT
7/1/19|7:31:34 AM|35.73632722|-78.78771798|CLEAR|DAYLIGHT
7/5/19|4:52:58 PM|35.78998185|-78.84634507|CLEAR|DAYLIGHT
7/2/19|6:53:55 PM|35.83356342|-78.7827976|CLEAR|DAYLIGHT
7/9/19|2:42:58 PM|35.83534457|-78.88200703|CLEAR|DAYLIGHT
7/10/19|4:29:49 PM|35.75954137|-78.74137283|CLEAR|DAYLIGHT
8/1/19|10:22 AM|35.60195368|-78.79930456|CLEAR|DAYLIGHT
8/1/19|3:57:45 PM|35.76126621|-78.74187459999999|CLEAR|DAYLIGHT
8/6/19|1:07:41 PM|35.82326541|-78.87413247|CLEAR|DAYLIGHT
8/10/19|2:46:20 AM|35.78847964|-78.78633814|CLEAR|DARK - LIGHTED ROADWAY
8/9/19|11:29 AM|35.85116104|-78.89248437|OTHER *|UNKNOWN
8/13/19|5:34:41 PM|35.818295|-78.89057972|CLEAR|DAYLIGHT
8/15/19|8:49:37 PM|35.75956508|-78.74137444|RAIN|DARK - LIGHTED ROADWAY
8/16/19|6:50:45 AM|35.73484478|-78.79776199|CLOUDY|DAYLIGHT
8/16/19|3:26:11 PM|35.66910488|-78.94941506|CLEAR|DAYLIGHT
8/20/19|11:58 AM|35.94550462|-78.56081774|CLEAR|DAYLIGHT
8/20/19|1:47:48 PM|35.77348143|-78.85450227|CLEAR|DAYLIGHT
8/13/19|4:09:54 PM|35.78866601|-78.78116649|CLOUDY|DAYLIGHT
8/22/19|10:09 AM|35.79260841|-78.78118155|CLEAR|DAYLIGHT
8/26/19|9:19:32 AM|35.75007799|-78.74608602|CLEAR|DAYLIGHT
8/28/19|10:10 PM|35.78066078|-78.83877268|CLOUDY|DAYLIGHT
8/30/19|2:30:51 PM|35.74567325|-78.74068038|CLEAR|DAYLIGHT
8/30/19|7:19:35 PM|35.73928851|-78.7894014|CLEAR|DUSK
8/31/19|10:09 AM|35.8259374|-78.79026233|CLEAR|DAYLIGHT
9/4/19|6:20:05 PM|35.80512794|-78.77419015|CLEAR|DAYLIGHT
9/4/19|4:16:42 PM|35.78970692|-78.76124301|CLEAR|DAYLIGHT
9/9/19|11:08 PM|35.78620365|-78.80787058|CLEAR|DAYLIGHT
9/6/19|9:35:04 AM|35.78808664|-78.84696656|CLEAR|DAYLIGHT
9/14/19|7:40:06 PM|35.814035|-78.26857493|CLEAR|DAYLIGHT
9/15/19|9:53:29 AM|35.77719327|-78.81233504|CLEAR|DAYLIGHT
9/13/19|2:53:18 PM|35.73873255|-78.79843887|CLEAR|DUSK
9/23/19|3:22:14 PM|35.79175649|-78.81263716|CLEAR|DAYLIGHT
10/1/19|7:19:35 PM|35.78081889|-78.81192457|CLEAR|DAYLIGHT
10/2/19|2:41:56 PM|35.75028365|-78.76232406|CLEAR|DAYLIGHT
10/7/19|2:43:11 PM|35.78304523|-78.78193188|CLEAR|DAYLIGHT
10/6/19|6:10:47 PM|35.77354932|-78.78165535|CLEAR|DAYLIGHT
10/10/19|7:02:13 PM|35.82417363|-78.87860573|CLEAR|DARK - LIGHTED ROADWAY
10/14/19|6:56:54 AM|35.73720886|-78.79086044|CLOUDY|DARK - ROADWAY NOT LIGHTED
10/15/19|6:20:56 PM|35.81291067|-78.80938144|CLEAR|DAYLIGHT
10/16/19|11:43 AM|35.66910488|-78.94941506|RAIN|DAYLIGHT
10/21/19|4:34:30 PM|35.7811364|-78.77843148|CLEAR|DAYLIGHT
10/25/19|3:52:20 PM|35.76486493|-78.87499565|CLEAR|DAYLIGHT
11/1/19|12:13 PM|35.76468689|-78.78860254|CLEAR|DAYLIGHT
11/3/19|8:19:15 AM|35.59574902|-78.78834502|CLEAR|DAYLIGHT
11/3/19|5:43:19 PM|35.78677549|-78.78803402|CLEAR|DAYLIGHT
11/4/19|4:19:21 PM|35.82414896|-78.90433533|CLEAR|DAYLIGHT
11/5/19|5:55:31 PM|35.79886194|-78.30951923|CLEAR|DARK - LIGHTED ROADWAY
11/9/19|11:19 PM|35.77227984|-78.88021032|CLEAR|DARK - LIGHTED ROADWAY
11/11/19|4:53:35 PM|35.94463947|-78.5620243|CLEAR|DAYLIGHT
11/15/19|7:17:36 AM|35.71606837|-78.8412005|RAIN|DAYLIGHT
11/17/19|1:49:27 PM|35.76439685|-78.75615611|CLEAR|DAYLIGHT
11/18/19|5:19:11 PM|35.82729581|-78.79969857|RAIN|DARK - LIGHTED ROADWAY
11/20/19|8:13:28 AM|35.71860868|-78.77324141|CLEAR|DAYLIGHT
11/20/19|9:22:14 AM|35.73601443|-78.78461828|CLEAR|DAYLIGHT
11/20/19|8:53:09 PM|35.80381593|-78.88602496|CLEAR|DAYLIGHT
11/22/19|3:04:50 PM|35.75897059|-78.74241617|CLEAR|DAYLIGHT
11/12/19|5:45:38 PM|35.80068584|-78.88945567|CLEAR|DAYLIGHT
11/22/19|11:20 AM|35.84218889|-78.89726089|CLOUDY|DAYLIGHT
11/26/19|6:06:18 PM|35.66995931|-78.7490492|CLEAR|DARK - ROADWAY NOT LIGHTED
11/26/19|8:28:24 AM|35.84951952|-78.90051712|CLEAR|UNKNOWN
11/27/19|1:35:36 PM|35.78304523|-78.78193188|CLEAR|DAYLIGHT
12/1/19|6:23:14 AM|35.72364612|-78.82365103|CLEAR|DAYLIGHT
12/4/19|4:21:26 PM|35.72490911|-78.81795644|CLEAR|DUSK
12/5/19|12:33 PM|35.73720889|-78.7908604|CLEAR|DAYLIGHT
12/9/19|1:02:28 AM|35.82519424|-78.89810265|CLOUDY|DARK - ROADWAY NOT LIGHTED
12/15/19|5:17:58 PM|35.78057759|-78.77354308|CLEAR|DUSK
12/14/19|3:57:15 AM|35.80304311|-78.78678742|CLEAR|DARK - LIGHTED ROADWAY
12/16/19|5:30:52 PM|35.76548875|-78.81362121|CLEAR|DARK - ROADWAY NOT LIGHTED
12/17/19|3:10:00 PM|35.80357455|-78.78658532|RAIN|DAYLIGHT
12/18/19|9:31:44 AM|35.81891733|-78.90723014|CLEAR|DAYLIGHT
12/22/19|7:26:24 AM|35.82808673|-78.89746395|CLEAR|DAYLIGHT
12/24/19|11:59 AM|35.73694328|-78.79379272|CLEAR|DAYLIGHT
12/23/19|5:32:31 PM|35.73916252|-78.74977017|CLOUDY|DAYLIGHT
12/25/19|2:41:52 PM|35.83127604|-78.77329688|CLEAR|DAYLIGHT
12/16/19|4:56:56 PM|35.73720889|-78.7908604|CLEAR|DAYLIGHT
12/29/19|7:29:53 PM|35.69444171|-79.21669623|RAIN|DUSK
8/1/19|3:09:40 PM|35.80374311|-78.77462991|RAIN|DAYLIGHT
7/30/19|9:29:35 PM|35.94510714|-78.59024323|CLOUDY|DAYLIGHT
8/5/19|3:35:45 PM|35.80283877|-78.77061714|CLEAR|DAYLIGHT
8/6/19|1:17:01 PM|35.76849142|-78.76455526|CLOUDY|UNKNOWN
8/8/19|9:36:39 AM|35.82035533|-78.87559164|CLEAR|DAYLIGHT
8/9/19|3:54:14 PM|35.83886435|-78.90889212|CLEAR|DAYLIGHT
8/12/19|4:58:24 PM|35.91131647|-78.48064892|CLEAR|DAYLIGHT
8/13/19|10:36 AM|35.80324598|-78.80638038|CLEAR|DAYLIGHT
8/14/19|7:22:59 PM|35.74222888|-78.78065811|CLEAR|DAYLIGHT
8/15/19|2:32:12 PM|35.98783615|-78.67805458|CLEAR|DAYLIGHT
8/16/19|4:36:10 PM|35.74222888|-78.78065811|RAIN|DAYLIGHT
8/16/19|1:46:28 PM|35.81960783|-78.87535964|CLEAR|DAYLIGHT
8/21/19|10:56 AM|35.73601443|-78.78461828|CLEAR|DAYLIGHT
8/28/19|5:40:24 PM|35.88916238|-78.89578578|RAIN|DAYLIGHT
9/1/19|4:56:28 PM|35.81065921|-78.78373182|CLEAR|DARK - LIGHTED ROADWAY
9/3/19|7:48:16 AM|35.83670115|-78.88305475|CLEAR|DAYLIGHT
9/3/19|7:30:22 AM|35.83670115|-78.88305475|CLEAR|DAYLIGHT
9/11/19|9:26:32 PM|35.73484478|-78.79776199|CLEAR|DARK - LIGHTED ROADWAY
9/11/19|6:32:24 PM|35.79702182|-78.88520963|CLEAR|DAYLIGHT
9/16/19|3:01:37 PM|35.76765921|-78.74423118|CLEAR|DAYLIGHT
9/12/19|10:55 AM|35.78499199|-78.78336213|CLEAR|DAYLIGHT
9/17/19|9:23:26 PM|35.80304311|-78.78678742|CLEAR|DAYLIGHT
9/18/19|10:01 PM|35.751060200000005|-78.78230205|CLEAR|DAYLIGHT
9/18/19|2:39:01 PM|35.77134472|-78.78529328|CLEAR|DAYLIGHT
9/19/19|6:51:09 PM|35.78273326|-78.84111221|CLEAR|DAYLIGHT
9/20/19|3:03:21 PM|35.838203299999996|-78.86392420000001|CLEAR|DAYLIGHT
9/21/19|11:15 AM|35.78987222|-78.75033359999999|CLEAR|DAYLIGHT
9/29/19|4:13:23 PM|35.74553529999999|-78.81992405|CLEAR|DAYLIGHT
9/29/19|5:15:17 PM|35.78067827|-78.79439053|CLEAR|DARK - UNKNOWN LIGHTING
10/2/19|4:04:32 PM|35.75490826|-78.73025042|CLEAR|DAYLIGHT
10/2/19|9:51:50 PM|35.76189114|-78.74493492|CLEAR|DAYLIGHT
10/4/19|4:53:09 PM|35.791536900000004|-78.84942449|CLEAR|DAYLIGHT
10/7/19|11:28 AM|35.79507019|-78.84231963|CLEAR|DAYLIGHT
3/10/19|4:25:04 PM|35.75906037|-78.78054126|CLEAR|DAYLIGHT
3/18/19|9:20:37 AM|35.80600538|-78.7839673|CLEAR|DAYLIGHT
3/19/19|2:44:12 PM|35.67131979|-78.76310372|CLEAR|DAYLIGHT
4/3/19|9:15:24 AM|35.82064945|-78.78167826|CLEAR|DAYLIGHT
4/4/19|7:58:07 AM|35.69481893|-78.79836125|CLEAR|DAYLIGHT
4/3/19|3:49:41 PM|35.78897826|-78.85009392|CLEAR|DAYLIGHT
4/5/19|9:37:25 PM|35.78771588|-78.87078942|RAIN|DARK - LIGHTED ROADWAY
4/5/19|5:24:56 PM|35.73484478|-78.79776199|RAIN|DAYLIGHT
10/8/19|7:47:16 PM|35.76277073|-78.74571288|CLEAR|DARK - LIGHTED ROADWAY
10/10/19|4:40:00 PM|35.75948879|-78.74982148|CLEAR|DAYLIGHT
10/12/19|2:32:46 PM|35.75954137|-78.74137283|CLEAR|DAYLIGHT
10/10/19|3:42:15 PM|35.80923093|-78.86188779|CLEAR|DAYLIGHT
10/12/19|3:27:57 PM|35.75954137|-78.74137283|CLEAR|DAYLIGHT
10/7/19|2:55:43 PM|35.81508486|-78.87831287|CLEAR|DAYLIGHT
10/14/19|9:00:40 AM|35.73632722|-78.78771794|CLEAR|DAYLIGHT
10/16/19|7:42:25 AM|35.84072416|-78.88667977|RAIN|DAWN
10/16/19|8:17:28 AM|35.73720886|-78.79086044|RAIN|DAYLIGHT
10/17/19|3:37:11 PM|35.827261299999996|-78.79969953|CLEAR|DAYLIGHT
10/1/19|11:27 AM|35.75776395|-78.73637239|CLEAR|DAYLIGHT
10/14/19|8:14:49 AM|35.99036031|-78.66195014|CLEAR|DAYLIGHT
10/22/19|7:01:54 AM|35.84630615|-78.89544919|CLEAR|DARK - LIGHTED ROADWAY
10/22/19|10:49 AM|35.78986305|-78.87060937|CLOUDY|DAYLIGHT
10/23/19|2:12:42 PM|35.76466685|-78.78229406|CLEAR|DAYLIGHT
10/15/19|9:56:38 AM|35.8142611|-78.86894543|CLEAR|DAYLIGHT
10/24/19|1:36:18 PM|35.82613716|-78.63922281|CLEAR|DAYLIGHT
10/28/19|5:41:06 PM|35.74648522|-78.76000058|CLEAR|DAYLIGHT
10/31/19|7:18:08 AM|35.80087803|-78.84627544|CLEAR|DAWN
10/30/19|9:11:40 PM|35.78119187|-78.84472193|RAIN|DARK - LIGHTED ROADWAY
11/2/19|9:35:32 AM|35.76470703|-78.74849745|CLEAR|DAYLIGHT
11/1/19|4:18:36 PM|35.73789038|-78.77946603|CLEAR|DAYLIGHT
4/7/19|8:08:38 PM|35.99036031|-78.66195014|CLEAR|DARK - LIGHTED ROADWAY
4/8/19|8:38:20 AM|35.73203438|-78.78973236|CLEAR|DAYLIGHT
4/9/19|3:03:59 PM|35.7767378|-78.81095216|CLOUDY|DAYLIGHT
11/5/19|7:58:31 PM|35.83243168|-78.90778056|CLEAR|DARK - LIGHTED ROADWAY
11/7/19|9:43:27 AM|35.76189117|-78.74493492|CLEAR|DAYLIGHT
4/12/19|7:34:12 PM|35.79139096|-78.77820741|RAIN|DARK - LIGHTED ROADWAY
4/6/19|1:36:47 PM|35.76986053|-78.83062951|CLOUDY|DARK - LIGHTED ROADWAY
4/13/19|4:43:52 PM|35.822038799999994|-78.89847516|CLEAR|DAYLIGHT
4/23/19|5:05:32 PM|35.84805045|-78.60474303|CLEAR|DAYLIGHT
4/27/19|12:48 PM|35.79259481|-78.86269304|CLEAR|DAYLIGHT
4/29/19|7:38:59 PM|35.78716056|-78.78332557|CLEAR|DAYLIGHT
4/25/19|7:51:37 AM|35.81370928|-78.87272861|CLEAR|DAYLIGHT
4/25/19|8:17:08 AM|35.82666261|-78.76015979|CLEAR|DAYLIGHT
5/1/19|9:56:24 AM|35.78267147|-78.85217323|CLEAR|DAYLIGHT
5/8/19|8:26:51 AM|35.78808664|-78.84696656|CLOUDY|DAYLIGHT
5/9/19|5:49:53 PM|35.75954137|-78.74137283|CLEAR|DAYLIGHT
5/9/19|5:12:14 PM|35.94510714|-78.59024323|CLEAR|DAYLIGHT
5/11/19|3:17:57 PM|35.75332943|-78.7311219|CLEAR|DAYLIGHT
5/8/19|8:36:04 PM|35.7648649|-78.87499565|CLEAR|DAYLIGHT
5/12/19|3:23:35 PM|35.75581484|-78.74147742|CLOUDY|DAYLIGHT
11/11/19|6:38:15 AM|35.78986305|-78.87060937|CLEAR|DAYLIGHT
11/13/19|9:19:29 AM|35.74042608|-78.77602988|CLEAR|DAYLIGHT
11/13/19|7:49:48 AM|35.73720889|-78.7908604|CLEAR|DAYLIGHT
11/14/19|6:08:00 PM|35.81148364|-78.88086222|CLEAR|DARK - LIGHTED ROADWAY
11/17/19|1:33:21 PM|35.810134600000005|-78.88574455|CLEAR|DAYLIGHT
11/16/19|3:44:24 AM|35.82914574|-78.88418273|CLEAR|DARK - LIGHTED ROADWAY
11/16/19|9:43:16 AM|35.78304614|-78.78332142|CLEAR|DAYLIGHT
11/20/19|1:19:53 PM|35.71551897|-78.79383846|CLEAR|DAYLIGHT
11/20/19|11:37 AM|35.78251325|-78.77849726|CLEAR|DAYLIGHT
11/20/19|9:27:25 AM|35.69115475|-78.83799018|CLEAR|DAYLIGHT
11/27/19|2:05:02 PM|35.76126621|-78.74187459999999|CLEAR|DAYLIGHT
11/29/19|2:07:43 PM|35.76126621|-78.74187459999999|CLEAR|DAYLIGHT
12/3/19|5:45:29 PM|35.83045053|-78.84628924|CLEAR|DARK - LIGHTED ROADWAY
12/3/19|6:45:13 AM|35.84906907|-78.83067059999999|CLEAR|DAYLIGHT
12/4/19|2:24:29 PM|35.59574902|-78.78834502|CLEAR|DAYLIGHT
12/3/19|6:08:19 PM|35.73957007|-78.80504957|CLEAR|DARK - LIGHTED ROADWAY
12/6/19|4:29:48 PM|35.73694328|-78.79379272|CLOUDY|DAYLIGHT
5/16/19|5:13:50 PM|35.75776395|-78.73637239|CLEAR|DAYLIGHT
12/9/19|9:04:42 AM|35.83934688|-78.90986368|CLOUDY|DAYLIGHT
5/17/19|10:05 AM|35.76762125|-78.74859205|CLEAR|DAYLIGHT
5/21/19|11:53 AM|35.80403066|-78.84967187|CLEAR|DAYLIGHT
5/22/19|10:38 AM|35.80056691|-78.74766088|CLEAR|UNKNOWN
5/28/19|7:25:41 PM|35.78508307|-78.78119645|CLEAR|DAYLIGHT
5/29/19|7:56:43 AM|35.83670118|-78.88305472|CLEAR|DAYLIGHT
5/29/19|5:59:59 PM|35.67222107|-78.75011162|CLEAR|DAYLIGHT
5/30/19|8:14:10 AM|35.86094761|-78.89535009|CLEAR|DAYLIGHT
5/31/19|4:58:55 PM|35.82064945|-78.78167826|CLOUDY|DAYLIGHT
5/30/19|7:49:12 PM|35.80302091|-78.77473815|CLEAR|DAYLIGHT
6/1/19|12:15 PM|35.79063821|-78.77651761|CLEAR|DAYLIGHT
6/4/19|6:31:03 PM|35.82890508|-78.79083993|CLEAR|DAYLIGHT
6/4/19|4:31:37 PM|35.58383268|-78.67123514|CLEAR|DAYLIGHT
6/6/19|6:47:26 PM|35.79295012|-78.87057115|CLEAR|DAYLIGHT
6/11/19|10:50 PM|35.80798981|-78.88337155|CLEAR|DAYLIGHT
6/17/19|3:09:50 PM|35.78349619|-78.86708357|CLEAR|DAYLIGHT
6/18/19|5:48:49 PM|35.60195368|-78.79930456|CLEAR|DAYLIGHT
6/18/19|2:43:17 AM|35.77608208|-78.77249201|CLEAR|DARK - ROADWAY NOT LIGHTED
6/20/19|5:34:56 PM|35.78905422|-78.82890126|RAIN|DAYLIGHT
12/12/19|9:11:10 PM|35.82917602|-78.90034440000001|CLEAR|DARK - LIGHTED ROADWAY
12/13/19|11:06 AM|35.70890093|-78.69614875|RAIN|DARK - LIGHTED ROADWAY
12/12/19|2:48:45 PM|35.77165997|-78.76519033|CLEAR|DAYLIGHT
12/12/19|2:28:17 PM|35.70341123|-78.78177672|CLEAR|DAYLIGHT
12/13/19|11:16 PM|35.75954137|-78.74137283|RAIN|DARK - LIGHTED ROADWAY
12/12/19|4:08:42 PM|35.77625371|-78.76027425|CLEAR|DAWN
12/17/19|6:24:57 PM|35.78309822|-78.78124100000001|RAIN|DARK - LIGHTED ROADWAY
12/18/19|3:15:02 PM|35.73484478|-78.79776199|CLEAR|DAYLIGHT
12/26/19|7:33:09 PM|35.79291252|-78.81293712|CLEAR|DARK - LIGHTED ROADWAY
12/30/19|8:24:49 PM|35.87302266|-78.60768909|CLEAR|DARK - LIGHTED ROADWAY
12/5/19|1:09:29 PM|35.80175852|-78.77195226|CLOUDY|DARK - LIGHTED ROADWAY
6/23/19|3:01:16 PM|35.79893953|-78.75861994|CLEAR|DAYLIGHT
6/25/19|9:28:32 AM|35.79010474|-78.77887857|CLEAR|DAYLIGHT
6/25/19|2:16:46 PM|35.79530055|-78.81801719|CLEAR|DAYLIGHT
6/26/19|6:17:57 AM|35.86070659|-78.81601795|CLEAR|DAYLIGHT
7/1/19|12:34 AM|35.77311021|-78.87341952|CLEAR|DARK - LIGHTED ROADWAY
7/1/19|1:53:53 PM|35.79464772|-78.8705187|CLEAR|DAYLIGHT
7/3/19|11:13 AM|35.81614793|-78.85281782|CLEAR|DAYLIGHT
7/17/19|4:46:35 PM|35.81087279|-78.78438769|CLEAR|DAYLIGHT
7/17/19|12:55 PM|35.75015236|-78.75261225|CLEAR|DAYLIGHT
3/4/19|5:58:58 PM|35.94463947|-78.5620243|CLEAR|DAYLIGHT
3/2/19|11:46 AM|35.80221145|-78.78662602|CLEAR|DAYLIGHT
3/5/19|9:09:22 AM|35.83491487|-78.88315052|CLOUDY|DAYLIGHT
3/5/19|2:06:34 PM|35.76635379|-78.73572499|CLEAR|DAYLIGHT
3/7/19|5:26:22 PM|35.73424132|-78.62170621|CLEAR|DAYLIGHT
3/11/19|3:19:25 PM|35.79377135|-78.87398781|CLEAR|DAYLIGHT
3/13/19|10:15 AM|35.78905422|-78.82890126|CLEAR|DAYLIGHT
3/13/19|2:24:12 PM|35.82405146|-78.86828867|CLEAR|DAYLIGHT
3/14/19|10:04 AM|35.73957007|-78.80504959999999|CLEAR|DAYLIGHT
3/13/19|3:34:26 PM|35.74153956|-78.80970621|CLEAR|DAYLIGHT
3/15/19|11:01 AM|35.72641059|-78.7665796|CLEAR|DAYLIGHT
3/15/19|9:28:35 AM|35.74038645|-78.81569249|CLOUDY|DAYLIGHT
3/16/19|6:15:43 PM|35.81297677|-78.91459864|CLEAR|UNKNOWN
3/19/19|2:37:49 PM|35.76003765|-78.84173821|CLEAR|DAYLIGHT
3/21/19|2:57:51 AM|35.85952214|-78.89414883|RAIN|DARK - LIGHTED ROADWAY
3/21/19|6:17:20 PM|35.7951311|-78.76344038|CLOUDY|DAYLIGHT
3/27/19|3:09:18 PM|35.83468503|-78.76972085|CLEAR|DAYLIGHT
3/28/19|2:25:29 PM|35.77903396|-78.76888932|CLEAR|DAYLIGHT
3/29/19|5:57:18 PM|35.83560202|-78.90893038|CLEAR|DAYLIGHT
4/3/19|5:10:26 PM|35.76635379|-78.73572499|CLEAR|DAYLIGHT
4/5/19|8:42:10 AM|35.74649536|-78.77559142|RAIN|DAYLIGHT
4/6/19|1:53:30 AM|35.79114681|-78.85029646|RAIN|DARK - LIGHTED ROADWAY
4/7/19|1:52:07 AM|35.79583529|-78.88102099999999|CLEAR|DAYLIGHT
3/22/19|8:36:11 AM|35.80809589|-78.87058866|CLEAR|DAYLIGHT
4/18/19|6:12:43 PM|35.76947554|-78.79651916|CLEAR|DAYLIGHT
4/18/19|6:59:58 PM|35.73873252|-78.79843887|CLEAR|DUSK
4/17/19|1:34:11 PM|35.7834135|-78.79052853|CLEAR|DAYLIGHT
4/23/19|9:04:04 AM|35.76770757|-78.82436314|CLEAR|DAYLIGHT
4/26/19|2:36:33 PM|35.77388418|-78.58989265|CLOUDY|DAYLIGHT
4/27/19|8:05:53 PM|35.78987222|-78.75033359999999|CLEAR|DUSK
5/5/19|5:37:01 PM|35.78583024|-78.86793955|RAIN|DAYLIGHT
5/8/19|4:54:53 PM|35.83794837|-78.89830375|CLEAR|DAYLIGHT
5/11/19|4:48:24 PM|35.75954137|-78.74137283|CLOUDY|DAYLIGHT
5/9/19|1:56:43 AM|35.66910488|-78.94941506|CLEAR|DARK - LIGHTED ROADWAY
6/5/19|11:07 AM|35.84586766|-78.88519003|CLEAR|DAYLIGHT
6/6/19|10:55 AM|35.73894832|-78.79830394|CLEAR|DAYLIGHT
6/13/19|1:39:53 AM|35.75918118|-78.79601629999999|CLEAR|DARK - ROADWAY NOT LIGHTED
6/12/19|11:15 AM|35.81921668|-78.89995022|CLEAR|DAYLIGHT
6/16/19|10:52 PM|35.84942777|-78.8915929|CLEAR|DARK - LIGHTED ROADWAY
6/15/19|12:19 PM|35.74276406|-78.75677901|CLEAR|DAYLIGHT
6/18/19|5:40:27 PM|35.76314275|-78.77856674|CLEAR|DAYLIGHT
6/20/19|1:24:55 PM|35.8293843|-78.77270804|CLOUDY|DAYLIGHT
6/30/19|8:47:37 AM|35.78807232|-78.76364688|CLEAR|UNKNOWN
7/3/19|9:43:56 AM|35.82699862|-78.80490537|CLEAR|DAYLIGHT
7/8/19|1:51:23 PM|35.74215976|-78.76179693|CLEAR|DAYLIGHT
7/8/19|5:48:59 PM|35.69115475|-78.83799022|CLEAR|DAYLIGHT
7/14/19|8:28:56 AM|35.77315996|-78.80615023|CLEAR|DAYLIGHT
7/15/19|3:33:36 PM|35.76963264|-78.87408569|CLEAR|DAYLIGHT
7/17/19|4:06:24 PM|35.84232983|-78.90331465|CLOUDY|DAYLIGHT
7/17/19|8:21:22 AM|35.86107986|-78.89781397|CLEAR|DAYLIGHT
7/24/19|8:47:49 AM|35.83458316|-78.87419453|CLEAR|DAYLIGHT
7/29/19|1:06:59 PM|35.95818838|-78.54675648|CLEAR|DAYLIGHT
7/30/19|5:17:05 PM|35.83301266|-78.880246|CLEAR|DAYLIGHT
10/11/19|10:28 PM|35.82901481|-78.79775834|CLEAR|DARK - LIGHTED ROADWAY
10/17/19|3:56:25 PM|35.91302247|-78.39600408|CLEAR|DAYLIGHT
10/23/19|4:05:31 PM|35.737154100000005|-78.79085465|CLEAR|DAYLIGHT
10/24/19|10:20 AM|35.74232698|-78.81424996|CLEAR|DAYLIGHT
10/22/19|2:57:18 PM|35.79143799|-78.78113751|RAIN|DAYLIGHT
10/24/19|5:36:39 PM|35.83670118|-78.88305472|CLEAR|DAYLIGHT
10/27/19|7:42:40 PM|35.73720886|-78.79086044|CLOUDY|DARK - ROADWAY NOT LIGHTED
10/28/19|11:01 AM|35.7953188|-78.81804537|CLEAR|DAYLIGHT
10/29/19|12:32 PM|35.83257307|-78.88632897|CLEAR|DAYLIGHT
10/30/19|8:20:07 AM|35.77884576|-78.90278873|RAIN|DAYLIGHT
11/1/19|2:34:25 PM|35.8016907|-78.76348355|CLEAR|DARK - UNKNOWN LIGHTING
11/4/19|2:44:56 PM|35.74547361|-78.7740689|CLEAR|DARK - UNKNOWN LIGHTING
11/8/19|6:09:01 PM|35.83583371|-78.89023796|CLEAR|DARK - LIGHTED ROADWAY
11/12/19|7:31:42 AM|35.81963459|-78.85501332|RAIN|DAYLIGHT
11/15/19|8:56:09 AM|35.76635376|-78.73572499|RAIN|DAYLIGHT
11/17/19|6:19:29 PM|35.64453448|-78.98247113|CLEAR|DARK - ROADWAY NOT LIGHTED
11/22/19|2:13:44 PM|35.82083681|-78.89880174|CLEAR|DAYLIGHT
11/25/19|9:59:10 AM|35.82890508|-78.79083993|CLEAR|DARK - LIGHTED ROADWAY
11/27/19|5:02:55 PM|35.595749|-78.78834506|CLOUDY|DUSK
11/26/19|6:09:18 PM|35.78344326|-78.79056389|CLEAR|DARK - LIGHTED ROADWAY
11/24/19|1:42:42 PM|35.66910488|-78.94941506|CLEAR|DAYLIGHT
12/1/19|11:32 AM|35.64453448|-78.98247113|CLOUDY|DAYLIGHT
11/29/19|11:13 AM|35.79037688|-78.78628127|CLEAR|DAYLIGHT
11/29/19|3:37:44 PM|35.66640387|-78.7541196|CLEAR|DAYLIGHT
12/4/19|3:32:06 AM|35.69115475|-78.83799018|CLEAR|DARK - ROADWAY NOT LIGHTED
12/4/19|12:09 PM|35.81889051|-78.80282729999999|CLEAR|DAYLIGHT
12/7/19|2:43:19 AM|35.69444171|-79.21669623|CLEAR|DARK - LIGHTED ROADWAY
12/6/19|2:52:12 AM|35.78673576|-78.76249383|CLEAR|DARK - LIGHTED ROADWAY
12/10/19|8:26:26 PM|35.73793377|-78.79567475|CLOUDY|DARK - ROADWAY NOT LIGHTED
12/12/19|10:49 AM|35.84906907|-78.83067059999999|CLEAR|DAYLIGHT
12/13/19|12:55 AM|35.74222888|-78.78065811|RAIN|DARK - LIGHTED ROADWAY
12/13/19|12:52 PM|35.78225623|-78.78767412|RAIN|DAYLIGHT
12/16/19|11:47 AM|35.84630615|-78.89544919|CLEAR|DAYLIGHT
12/17/19|1:30:15 PM|35.784088399999995|-78.82618623|RAIN|DAYLIGHT
12/19/19|5:58:43 PM|35.80542636|-78.77465344|CLEAR|DARK - LIGHTED ROADWAY
12/21/19|10:24 PM|35.75028173|-78.77606664|CLEAR|DARK - LIGHTED ROADWAY
12/21/19|4:32:37 AM|35.69743714|-78.87133259|CLEAR|DARK - ROADWAY NOT LIGHTED
12/27/19|5:08:22 PM|35.83670118|-78.88305472|CLEAR|DARK - ROADWAY NOT LIGHTED
7/30/19|4:40:29 PM|35.82914574|-78.88418313|CLEAR|DAYLIGHT
7/26/19|4:13:39 PM|35.79642312|-78.87066463|CLEAR|DAYLIGHT
8/1/19|2:31:27 PM|35.60195368|-78.79930456|CLEAR|DAYLIGHT
7/28/19|8:22:46 AM|35.78942648|-78.80980051|CLEAR|DAYLIGHT
8/7/19|4:07:07 PM|35.80597613|-78.78470259|CLEAR|DAYLIGHT
8/8/19|6:03:32 PM|35.62421587|-78.77340118|CLEAR|DAYLIGHT
8/12/19|4:13:30 PM|35.80131332|-78.77381089|CLEAR|DARK - LIGHTED ROADWAY
8/15/19|1:24:48 PM|35.91046456|-78.58858194|CLEAR|DAYLIGHT
8/15/19|3:41:36 PM|35.81832676|-78.75380811|CLEAR|DAYLIGHT
8/20/19|7:50:00 PM|35.79063821|-78.77651761|CLEAR|DUSK
8/22/19|2:08:08 PM|35.83016547|-78.77432516|CLEAR|DAYLIGHT
8/23/19|2:46:08 PM|35.78165818|-78.82267196|CLEAR|DAYLIGHT
8/25/19|2:36:38 PM|35.78864171|-78.78120324|CLEAR|DAYLIGHT
8/31/19|10:47 PM|35.78673576|-78.76249383|CLEAR|DARK - ROADWAY NOT LIGHTED
9/3/19|4:11:28 PM|35.78774169|-78.8708349|CLEAR|DAYLIGHT
9/3/19|2:36:54 PM|35.77589662|-78.76417339|CLEAR|DAYLIGHT
9/4/19|3:22:42 PM|35.78353551|-78.80177556|CLEAR|DAYLIGHT
9/9/19|6:08:10 PM|35.78053622|-78.83743485|CLEAR|DAYLIGHT
9/8/19|12:40 PM|35.66819655|-78.73927486|CLEAR|DAYLIGHT
9/18/19|10:41 AM|35.835107|-78.89385523|CLEAR|DAYLIGHT
9/19/19|4:53:08 AM|35.76189114|-78.74493492|CLEAR|DARK - LIGHTED ROADWAY
9/22/19|10:29 AM|35.78510906|-78.78123175|CLEAR|UNKNOWN
9/20/19|7:18:46 AM|35.81307748|-78.86527896|CLEAR|DAYLIGHT
9/27/19|9:22:08 AM|35.77313575|-78.87337690000001|CLEAR|DAYLIGHT
9/26/19|6:01:25 PM|35.76613726|-78.73621407|CLEAR|DAYLIGHT
9/30/19|11:59 AM|35.76532014|-78.81965459999999|CLEAR|DAYLIGHT
10/1/19|8:59:34 AM|35.823584499999996|-78.81048886|CLEAR|DAYLIGHT
10/2/19|4:37:47 PM|35.76468689|-78.78860254|CLEAR|DAYLIGHT
10/3/19|3:23:35 PM|35.91131647|-78.48064892|CLEAR|DAYLIGHT
10/4/19|2:55:59 PM|35.94463947|-78.5620243|CLEAR|DAYLIGHT
10/6/19|10:05 PM|35.98783612|-78.67805458|CLEAR|DARK - ROADWAY NOT LIGHTED
10/9/19|7:22:20 PM|35.7695933|-78.84025103|CLEAR|DAYLIGHT
10/10/19|5:27:21 AM|35.80633057|-78.80235372|CLEAR|DARK - ROADWAY NOT LIGHTED
10/10/19|4:40:00 PM|35.74153956|-78.80970621|CLEAR|DAYLIGHT
10/12/19|1:28:36 PM|35.767694|-78.82071201|CLEAR|DAYLIGHT
10/13/19|12:58 AM|35.74804376|-78.75850467|CLEAR|DARK - LIGHTED ROADWAY
1/6/19|3:32:24 PM|35.74210116|-78.88001951|CLEAR|DAYLIGHT
1/10/19|10:28 PM|35.78307574|-78.78335968|CLEAR|DARK - LIGHTED ROADWAY
1/12/19|3:25:28 PM|35.78814541|-78.84795985|CLOUDY|DAYLIGHT
1/16/19|8:06:29 AM|35.94550462|-78.56081774|CLEAR|DAYLIGHT
1/25/19|10:33 AM|35.74051179999999|-78.80477353|CLEAR|DAYLIGHT
1/25/19|2:22:16 PM|35.72490908|-78.81795644|CLEAR|DAYLIGHT
1/26/19|4:12:54 PM|35.82939659|-78.77266668|CLEAR|DAYLIGHT
2/4/19|5:08:07 PM|35.74861325|-78.77190784|CLEAR|DAYLIGHT
2/5/19|6:21:38 PM|35.75954137|-78.74137283|CLEAR|DARK - LIGHTED ROADWAY
2/1/19|7:52:55 PM|35.79890362|-78.90030920000001|CLEAR|DARK - LIGHTED ROADWAY
2/7/19|6:12:15 PM|35.65362257|-78.74544367|CLEAR|DARK - LIGHTED ROADWAY
2/7/19|8:32:13 PM|35.76298512|-78.80486931|CLOUDY|DARK - ROADWAY NOT LIGHTED
2/11/19|9:21:17 AM|35.77846829|-78.87242544|RAIN|DAYLIGHT
2/14/19|3:24:55 PM|35.79139098|-78.77820741|CLEAR|DAYLIGHT
2/15/19|11:03 AM|35.76991577|-78.84777375|CLEAR|DAYLIGHT
2/15/19|8:24:18 AM|35.82367312|-78.77504702|CLEAR|DAYLIGHT
2/20/19|5:33:56 PM|35.80401887|-78.80521796|RAIN|DUSK
2/21/19|6:00:12 PM|35.8017213|-78.76969203|CLEAR|DAYLIGHT
2/24/19|8:10:59 AM|35.79021784|-78.77790968|CLOUDY|DAYLIGHT
2/25/19|5:13:52 PM|35.62421587|-78.77340118|CLEAR|DAYLIGHT
2/25/19|6:41:23 AM|35.75663528|-78.81696745|CLEAR|DAYLIGHT
2/21/19|12:02 PM|35.91131647|-78.48064892|CLOUDY|DAYLIGHT
6/22/19|8:42:54 AM|35.79969024|-78.74382634|CLEAR|DAYLIGHT
6/25/19|11:39 AM|35.73721654|-78.75714906|CLEAR|DAYLIGHT
7/2/19|2:13:56 PM|35.75114996|-78.81329065|CLEAR|DAYLIGHT
10/1/19|10:15 AM|35.98783612|-78.67805458|CLEAR|UNKNOWN
10/3/19|5:25:59 PM|35.82890508|-78.79083997|CLEAR|DAYLIGHT
10/5/19|4:04:43 PM|35.74031193|-78.80987758|CLEAR|DAYLIGHT
10/18/19|6:35:43 PM|35.74995282|-78.74519077|CLEAR|DAYLIGHT
10/18/19|6:46:29 PM|35.74965072|-78.75096828|CLEAR|DARK - LIGHTED ROADWAY
10/24/19|4:12:57 PM|35.75331235|-78.73116281|CLEAR|DAYLIGHT
10/25/19|6:09:51 PM|35.59090115|-78.78620792|CLEAR|DAYLIGHT
10/31/19|11:59 AM|35.82456209|-78.83765117|CLEAR|DAYLIGHT
10/31/19|5:20:07 PM|35.73720889|-78.7908604|CLEAR|DAYLIGHT
10/25/19|10:08 PM|35.64492557|-78.64929506|CLEAR|DAYLIGHT
11/3/19|1:22:01 PM|35.75948879|-78.74982148|CLEAR|DAYLIGHT
11/2/19|12:27 AM|35.81597076|-78.78983455|CLEAR|DARK - LIGHTED ROADWAY
11/3/19|12:50 PM|35.76765915|-78.74094236|CLEAR|DAYLIGHT
11/6/19|1:35:55 AM|35.76834781|-78.87432915|CLEAR|DARK - LIGHTED ROADWAY
11/11/19|12:59 PM|35.81600283|-78.79251976|CLEAR|DAYLIGHT
11/14/19|9:02:15 AM|35.81995785|-78.90930302|CLOUDY|DARK - UNKNOWN LIGHTING
11/13/19|12:12 PM|35.74314227|-78.77890202|CLEAR|DAYLIGHT
11/20/19|2:39:47 PM|35.76025985|-78.74342832|CLEAR|DAYLIGHT
11/20/19|5:26:56 PM|35.75502219|-78.78104811|CLEAR|DUSK
11/23/19|2:18:44 PM|35.78925282|-78.85492276|RAIN|DAYLIGHT
11/24/19|12:21 PM|35.81910849|-78.85614972|CLEAR|DAYLIGHT
11/10/19|12:11 AM|35.80382662|-78.80163179|CLEAR|DAYLIGHT
11/30/19|11:37 AM|35.76874173|-78.75316388|CLOUDY|DAYLIGHT
12/1/19|1:11:17 PM|35.83882609|-78.88513211|CLOUDY|DAYLIGHT
11/29/19|1:34:12 PM|35.78657478|-78.78124801|CLEAR|DAYLIGHT
12/3/19|5:01:24 PM|35.79342989|-78.78948423|CLEAR|DUSK
12/4/19|7:31:55 AM|35.84906907|-78.83067059999999|CLEAR|DAYLIGHT
12/3/19|1:05:50 PM|35.83341388|-78.89370817|CLEAR|DAYLIGHT
12/9/19|3:07:28 PM|35.75584716|-78.74813361|CLEAR|DAYLIGHT
12/11/19|4:19:12 PM|35.79208722|-78.78113279|CLOUDY|DAYLIGHT
12/13/19|4:54:24 PM|35.78307574|-78.78335968|RAIN|DAYLIGHT
12/16/19|4:27:36 PM|35.77473709|-78.77508408|CLEAR|DAYLIGHT
12/16/19|2:44:42 PM|35.74045593|-78.77600537|CLEAR|DAYLIGHT
12/17/19|8:51:03 PM|35.85782809|-78.89793073|CLOUDY|DARK - LIGHTED ROADWAY
12/18/19|11:03 AM|35.78187593|-78.78916578|CLEAR|DAYLIGHT
12/19/19|6:33:43 PM|35.72490908|-78.81795644|CLEAR|DARK - ROADWAY NOT LIGHTED
12/20/19|11:40 AM|35.70346962|-78.79307591|CLEAR|DAYLIGHT
12/20/19|3:30:34 PM|35.76126621|-78.74187459999999|CLEAR|DAYLIGHT
12/20/19|5:57:03 PM|35.76486493|-78.87499565|CLEAR|DARK - LIGHTED ROADWAY
12/25/19|7:35:37 PM|35.82550594|-78.91925752|CLEAR|DARK - LIGHTED ROADWAY
12/31/19|12:00 AM|35.80304314|-78.78678739|CLEAR|DAYLIGHT
7/31/19|1:39:51 PM|35.7321596|-78.80708658|CLEAR|DAYLIGHT
8/2/19|9:34:39 PM|35.59574902|-78.78834502|RAIN|DARK - LIGHTED ROADWAY
8/2/19|4:19:21 PM|35.73484478|-78.79776199|CLEAR|DAYLIGHT
8/6/19|9:08:11 PM|35.87252495|-78.81611127|CLEAR|DAYLIGHT
8/7/19|9:53:51 AM|35.76180673|-78.74825912|CLEAR|DAYLIGHT
8/8/19|4:56:26 PM|35.7265766|-79.22918951|CLEAR|DAYLIGHT
8/8/19|3:01:46 PM|35.74210116|-78.88001954|CLEAR|DAYLIGHT
8/8/19|3:10:17 PM|35.78864647|-78.77035096|CLEAR|DAYLIGHT
8/11/19|6:57:08 PM|35.75776395|-78.73637239|CLEAR|DAYLIGHT
8/8/19|7:30:31 PM|35.7354347|-78.7960871|CLEAR|DAYLIGHT
8/13/19|3:15:41 PM|35.82939659|-78.77266668|CLEAR|DAYLIGHT
8/14/19|7:40:58 AM|35.82890723|-78.89737182|CLOUDY|DAYLIGHT
8/14/19|1:04:18 PM|35.83820328|-78.86392423|CLEAR|DAYLIGHT
8/14/19|2:16:45 PM|35.73883214|-78.80988487|CLEAR|DAYLIGHT
8/14/19|2:52:37 AM|35.79509676|-78.87890481|CLOUDY|DARK - ROADWAY NOT LIGHTED
8/16/19|3:49:42 PM|35.75332943|-78.7311219|CLOUDY|DAYLIGHT
8/12/19|8:35:25 PM|35.69115475|-78.83799018|CLEAR|DAYLIGHT
8/19/19|8:17:12 AM|35.74210116|-78.88001951|CLEAR|DAYLIGHT
8/20/19|12:34 PM|35.78346301|-78.82164852|CLEAR|DAYLIGHT
8/21/19|5:25:13 PM|35.83932475|-78.90169456|CLEAR|DAYLIGHT
8/21/19|2:27:07 PM|35.76635379|-78.73572499|CLEAR|DAYLIGHT
8/26/19|7:33:14 AM|35.73720889|-78.7908604|CLEAR|DAYLIGHT
8/25/19|5:31:17 PM|35.74210116|-78.88001951|CLEAR|DAYLIGHT
8/28/19|7:03:39 PM|35.7571152|-78.82007735|CLEAR|DAYLIGHT
8/27/19|8:51:38 AM|35.78262326|-78.87258702|CLEAR|DAYLIGHT
9/3/19|4:27:30 PM|35.79153686|-78.85535452|CLEAR|DAYLIGHT
9/3/19|4:01:50 PM|35.86095369|-78.89622502|CLEAR|DAYLIGHT
9/4/19|12:39 PM|35.74222888|-78.78065811|CLEAR|DAYLIGHT
9/3/19|5:10:55 PM|35.81065921|-78.78373182|CLEAR|DAYLIGHT
9/4/19|12:20 PM|35.78304614|-78.78332142|CLEAR|DAYLIGHT
9/14/19|6:43:58 PM|35.7396012|-78.80506931|CLEAR|DARK - ROADWAY NOT LIGHTED
9/13/19|9:45:11 AM|35.78716059|-78.78332557|CLEAR|DAYLIGHT
9/17/19|3:39:45 PM|35.78066078|-78.83877265|CLOUDY|DAYLIGHT
9/17/19|4:12:07 PM|35.79635394|-78.80276462|CLEAR|DAYLIGHT
9/18/19|2:15:15 PM|35.77881959|-78.81183735|CLEAR|DAYLIGHT
9/17/19|11:59 AM|35.74210116|-78.88001951|CLEAR|DAYLIGHT
9/18/19|3:09:50 PM|35.78344526|-78.8100017|CLEAR|DAYLIGHT
9/23/19|4:41:47 PM|35.76311497|-78.74260269|CLEAR|DAYLIGHT
9/21/19|8:28:15 PM|35.79080464|-78.78328502|CLEAR|DARK - ROADWAY NOT LIGHTED
10/2/19|1:37:48 PM|35.911269700000005|-78.76312041|CLEAR|DAYLIGHT
10/2/19|10:28 AM|35.81199744|-78.91112568|CLEAR|DAYLIGHT
10/4/19|8:08:12 PM|35.82729581|-78.79969857|CLEAR|DARK - LIGHTED ROADWAY
10/7/19|7:07:21 PM|35.76431806|-78.74981875|CLEAR|DARK - LIGHTED ROADWAY
10/8/19|6:40:08 AM|35.7744957|-78.76688293|CLOUDY|DAYLIGHT
10/13/19|1:31:45 PM|35.84057945|-78.89616514|RAIN|DAYLIGHT
10/12/19|5:06:14 AM|35.79051709|-78.82342386|CLEAR|DAYLIGHT
10/12/19|5:50:00 PM|35.72709941|-78.80379213|CLEAR|DAYLIGHT
10/15/19|6:47:18 PM|35.71606835|-78.84120053|CLEAR|DAYLIGHT
10/22/19|7:22:17 AM|35.76820488|-78.84395551|CLOUDY|DAYLIGHT
10/28/19|6:43:58 AM|35.73720889|-78.7908604|CLEAR|DAWN
6/29/19|3:14:35 AM|35.82064391|-78.78310091|CLEAR|DAYLIGHT
6/29/19|10:29 AM|35.80374311|-78.77462991|CLEAR|DAYLIGHT
7/4/19|10:17 PM|35.72709941|-78.80379213|CLEAR|DARK - LIGHTED ROADWAY
7/10/19|3:39:00 PM|35.76683389|-78.74804504|CLEAR|DAYLIGHT
7/12/19|10:53 PM|35.79879663|-78.76706829999999|CLEAR|DAYLIGHT
7/17/19|6:29:47 PM|35.79886194|-78.30951923|CLEAR|DAYLIGHT
7/23/19|8:39:49 AM|35.69115475|-78.83799018|CLEAR|DAYLIGHT
7/25/19|9:39:21 PM|35.77185575|-78.80352767|CLEAR|DAYLIGHT
7/27/19|1:03:35 PM|35.83084407|-78.91503648|CLEAR|DAYLIGHT
7/30/19|10:12 PM|35.82106639|-78.80868079|CLEAR|DARK - LIGHTED ROADWAY
3/1/19|3:28:51 PM|35.81369566|-78.87268269|RAIN|DAYLIGHT
2/27/19|4:36:42 PM|35.77157396|-78.79032829|CLOUDY|DAYLIGHT
3/5/19|4:50:47 PM|35.75948879|-78.74982148|CLEAR|DAYLIGHT
3/6/19|10:39 AM|35.83301266|-78.880246|CLEAR|DAYLIGHT
3/7/19|7:44:18 AM|35.73869608|-78.79841368|CLEAR|DAYLIGHT
3/7/19|3:55:36 PM|35.78671229|-78.77537784|CLEAR|DAYLIGHT
3/12/19|10:06 AM|35.82181222|-78.91951123|CLEAR|DAYLIGHT
3/12/19|10:24 AM|35.82323075|-78.87417637|CLEAR|DAYLIGHT
3/12/19|7:43:01 AM|35.78174969|-78.76185018|CLEAR|DAYLIGHT
3/13/19|8:46:49 AM|35.81884628|-78.90244761|CLEAR|DAYLIGHT
3/15/19|10:58 AM|35.85952214|-78.89414883|CLOUDY|DAYLIGHT
3/15/19|11:07 AM|35.78051303|-78.83740876|CLEAR|DAYLIGHT
3/18/19|11:35 PM|35.81835981|-78.79494443|CLEAR|DAYLIGHT
3/16/19|10:00 PM|35.85116104|-78.89248437|CLEAR|DARK - LIGHTED ROADWAY
3/21/19|7:49:17 AM|35.827261299999996|-78.7996995|RAIN|DAYLIGHT
3/21/19|4:46:53 PM|35.77160103|-78.81285199|CLEAR|DAYLIGHT
3/24/19|9:22:12 PM|35.75956508|-78.74137444|CLEAR|DARK - LIGHTED ROADWAY
3/25/19|11:52 AM|35.73789038|-78.77946603|CLEAR|DAYLIGHT
3/25/19|6:06:13 PM|35.78683298|-78.87524452|RAIN|DUSK
3/25/19|5:25:09 PM|35.78986305|-78.87060937|CLOUDY|DAYLIGHT
3/28/19|4:19:24 PM|35.80887961|-78.76919356|CLEAR|DAYLIGHT
3/25/19|1:12:20 PM|35.79101034|-78.80971967|CLEAR|DAYLIGHT
4/1/19|4:34:26 PM|35.73720889|-78.7908604|CLEAR|DAYLIGHT
4/5/19|9:25:21 AM|35.81645462|-78.81201202|RAIN|DAYLIGHT
4/5/19|4:06:04 PM|35.78780618|-78.47541229|OTHER *|UNKNOWN
4/5/19|5:21:26 PM|35.75639210000001|-78.81366026|RAIN|DAYLIGHT
4/8/19|8:05:17 AM|35.77032292|-78.7559465|CLOUDY|DAYLIGHT
4/10/19|8:01:45 PM|35.780513|-78.83740876|CLEAR|DARK - LIGHTED ROADWAY
4/11/19|1:22:20 PM|35.74222888|-78.78065811|CLEAR|DAYLIGHT
4/12/19|3:50:18 PM|35.76198134|-78.82181469|RAIN|DAYLIGHT
4/12/19|3:15:12 PM|35.79063821|-78.77651761|RAIN|DAYLIGHT
4/17/19|12:09 PM|35.60195368|-78.79930456|CLEAR|DAYLIGHT
4/17/19|7:11:22 PM|35.79885142|-78.76707111|CLEAR|DAYLIGHT
4/24/19|5:09:21 PM|35.79181149|-78.77606084|CLEAR|DAYLIGHT
5/4/19|12:35 AM|35.78975873|-78.76122896|CLOUDY|DARK - LIGHTED ROADWAY
5/3/19|1:41:15 PM|35.817345399999994|-78.91578133|CLEAR|DAYLIGHT
5/3/19|2:33:37 PM|35.78067827|-78.79439053|CLEAR|DAYLIGHT
5/3/19|6:52:46 PM|35.75791299|-78.78301415|CLEAR|DAYLIGHT
5/3/19|2:53:24 PM|35.79033855|-78.78626242|CLEAR|DAYLIGHT
4/30/19|10:06 PM|35.78179604|-78.80121047|CLEAR|DAYLIGHT
5/6/19|11:32 AM|35.74053151|-78.80474525|CLEAR|DAYLIGHT
5/3/19|1:42:15 PM|35.7953188|-78.81804537|CLEAR|DAYLIGHT
4/10/19|11:27 AM|35.80809589|-78.87058866|CLEAR|DAYLIGHT
5/9/19|7:12:11 AM|35.74153956|-78.80970624|CLEAR|DAYLIGHT
5/13/19|1:07:21 PM|35.74210116|-78.88001954|CLOUDY|DAYLIGHT
5/15/19|4:28:53 PM|35.7745541|-78.82573049|CLEAR|DAYLIGHT
5/22/19|5:07:35 PM|35.79143799|-78.78113751|CLOUDY|DAYLIGHT
5/22/19|3:50:15 PM|35.911269700000005|-78.76312041|CLOUDY|DAYLIGHT
5/25/19|7:38:22 AM|35.76493786|-78.78738797|CLEAR|DAYLIGHT
5/25/19|9:17:10 PM|35.78496448|-78.76543578|CLEAR|DARK - ROADWAY NOT LIGHTED
5/25/19|6:18:23 PM|35.737154100000005|-78.79085468|CLEAR|DAYLIGHT
5/29/19|8:19:44 AM|35.82833506|-78.8609574|CLEAR|DAYLIGHT
5/31/19|12:46 PM|35.8117967|-78.79843297|CLEAR|DARK - ROADWAY NOT LIGHTED
5/9/19|6:13:25 PM|35.81070073|-78.90430868|CLEAR|DUSK
5/31/19|1:12:41 PM|35.76186055|-78.82174964|CLEAR|DAYLIGHT
5/31/19|3:19:20 PM|35.77589659|-78.76417342|CLEAR|DAYLIGHT
6/3/19|5:02:44 PM|35.58881132|-78.64196726|CLEAR|DAYLIGHT
6/7/19|7:33:20 AM|35.74245971|-78.76081416|CLOUDY|DAYLIGHT
6/7/19|7:50:16 AM|35.83670118|-78.88305472|CLOUDY|DAYLIGHT
6/7/19|2:30:03 PM|35.77584765|-78.80144462|RAIN|DAYLIGHT
6/6/19|5:46:09 PM|35.83301266|-78.880246|CLEAR|DAYLIGHT
6/11/19|3:36:11 PM|35.780159000000005|-78.86499367|CLEAR|DAYLIGHT
6/12/19|1:38:06 PM|35.87252495|-78.81611127|CLOUDY|DAYLIGHT
6/12/19|6:10:47 AM|35.79070224|-78.89962763|RAIN|DARK - LIGHTED ROADWAY
6/18/19|4:11:42 AM|35.78289992|-78.78589687|CLEAR|DARK - LIGHTED ROADWAY
6/18/19|6:23:06 PM|35.78434617|-78.85623851|CLOUDY|DAYLIGHT
6/23/19|5:28:36 PM|35.76635376|-78.73572499|CLEAR|DAYLIGHT
6/22/19|10:04 AM|35.7367539|-78.7786444|CLEAR|DAYLIGHT
6/25/19|9:48:14 AM|36.0659311|-78.68515872|CLEAR|DAYLIGHT
6/27/19|6:53:40 PM|35.855662200000005|-78.89727036|CLEAR|DAYLIGHT
7/13/19|4:05:41 PM|35.83899163|-78.6502978|CLEAR|DAYLIGHT
7/18/19|7:35:11 AM|35.73720886|-78.79086044|CLEAR|DAYLIGHT
